,query,sku,clicks,rank,num_impressions,doc_id,product_name,query_id,name_match,grade
8558,telescope,2595102,10,2.0,47,2595102,fake,3082,9.022318,0.0
7035,laptop,9755322,91,5.0,2126,9755322,fake,2513,0.0,0.0
4897,antenna,8408476,13,10.0,450,8408476,fake,1779,10.884909,0.0
503,Beats by dr. Dre,9836718,16,1.0,109,9836718,fake,202,18.450184,0.0
4821,acer iconia,2759288,58,2.0,350,2759288,fake,1751,11.695964,0.0
7987,refrigerator,9830623,32,1.0,283,9830623,fake,2877,3.660182,0.0
3083,Playstation 3,2013927,10,8.0,741,2013927,fake,1157,8.317662,0.0
8863,usb car charger,9347968,12,1.0,32,9347968,fake,3192,5.2583694,0.0
3125,Portable dvd player,2346039,10,1.0,111,2346039,fake,1169,13.233649,0.0
1196,Drake,9503995,16,2.0,123,9503995,fake,457,0.0,0.0
2133,Just dance,1550158,35,1.0,95,1550158,fake,808,9.08979,0.0
457,Beats,1232483,66,13.0,2781,1232483,fake,198,0.0,0.0
5755,dvd player,2346039,16,4.0,377,2346039,fake,2093,7.259301,0.0
8249,skullcandy titan,9825242,11,1.0,20,9825242,fake,2982,14.018147,0.0
9188,xbox 360 console,9911636,30,7.0,616,9911636,fake,3294,0.0,0.0
2496,Mac book,1535918,29,5.0,590,1535918,fake,908,0.0,0.0
8418,staind,3301644,35,2.0,134,3301644,fake,3037,14.923019,0.0
7357,mini fridge,1931487,16,4.0,166,1931487,fake,2625,0.0,0.0
4716,Xbox 360 controller,2985153,18,3.0,168,2985153,fake,1709,13.65493,0.0
8929,voice recorder,1792142,28,3.0,220,1792142,fake,3220,12.36159,0.0
7466,netbook,2660188,10,10.0,603,2660188,fake,2674,0.0,0.0
4070,The game,9616458,77,1.0,118,9616458,fake,1493,0.0,0.5
1875,Hp touchpad,2884085,69,5.0,7176,2884085,fake,707,15.832562,0.0
2235,Klipsch,9385747,15,6.0,313,9385747,fake,833,5.5795145,0.0
3927,Star wars bluray,2550164,87,1.0,122,2550164,fake,1439,6.423506,0.5
1086,Dell laptop,2670837,11,8.0,387,2670837,fake,409,0.0,0.0
5744,dvd burners,9262479,13,1.0,86,9262479,fake,2090,1.345684,0.0
1446,Galaxy tab 10.1,2817743,18,2.0,107,2817743,fake,558,21.740044,0.0
7400,monitor,1422209,62,1.0,288,1422209,fake,2636,4.78175,0.0
2677,Mini fridge,2678348,37,1.0,160,2678348,fake,971,0.0,0.0
8104,samsung galaxy tab,2817582,136,1.0,479,2817582,fake,2921,19.563217,0.5
2460,Logitech revue,1257136,124,1.0,153,1257136,fake,900,18.59342,0.75
1532,GoPro,1004722,12,1.0,37,1004722,fake,595,7.2161665,0.0
6148,hard drive,9024147,10,6.0,304,9024147,fake,2254,7.3960342,0.0
2877,Nikon d7000,1230707,97,1.0,193,1230707,fake,1062,12.283967,0.5
37,2622037 2127204 2127213 2121716 2138291,2135081,14,22.0,3248,2135081,fake,15,0.0,0.0
7126,lenovo,3504409,21,6.0,449,3504409,fake,2536,4.10723,0.0
4096,Thor,2542299,23,5.0,1770,2542299,fake,1509,10.444792,0.0
2906,Nirvana,3511215,169,1.0,310,3511215,fake,1077,0.0,0.75
6927,killzone 3,1028986,14,1.0,20,1028986,fake,2488,18.166214,0.0
7146,lil Wayne,3232178,31,2.0,90,3232178,fake,2547,0.0,0.0
1999,Inverter,9890447,18,1.0,97,9890447,fake,759,9.012256,0.0
8382,space marine,2742048,15,1.0,30,2742048,fake,3023,14.413094,0.0
5191,bluetooth headsets,9246862,10,1.0,90,9246862,fake,1866,5.1277266,0.0
6925,kicker,9892921,45,1.0,302,9892921,fake,2487,6.4308167,0.0
3160,Primus,3276526,31,1.0,45,3276526,fake,1184,0.0,0.0
3347,Red hot chili peppers,6071074,15,2.0,216,6071074,fake,1233,0.0,0.0
6421,iMac,2658101,61,3.0,524,2658101,fake,2344,7.2240524,0.0
8909,viper,9516348,24,1.0,184,9516348,fake,3215,0.0,0.0
4249,Trivium,2962138,18,1.0,33,2962138,fake,1565,0.0,0.0
5808,earphones,8964864,19,2.0,158,8964864,fake,2112,0.0,0.0
8168,sd card,2731247,21,2.0,273,2731247,fake,2948,4.170499,0.0
7684,pirates,1980691,10,1.0,83,1980691,fake,2780,6.364275,0.0
3203,Projector,9533926,49,5.0,1028,9533926,fake,1188,0.0,0.0
9018,white knight chronicles,2846061,18,1.0,22,2846061,fake,3249,18.516294,0.0
5426,casio exilim,2449141,19,1.0,58,2449141,fake,1948,15.302499,0.0
1217,Driver,1092403,52,1.0,74,1092403,fake,461,9.028298,0.0
5020,avatar,1283713,10,2.0,113,1283713,fake,1817,9.7380295,0.0
2044,Ipad2,2319133,14,9.0,830,2319133,fake,764,0.0,0.0
9184,xbox 360 console,1862575,10,11.0,616,1862575,fake,3294,0.0,0.0
8133,samsung tablet,2817582,74,1.0,277,2817582,fake,2934,5.1460795,0.5
6015,gameshark,9394265,14,1.0,49,9394265,fake,2204,0.0,0.0
8737,transformers blu ray,3247045,36,1.0,48,3247045,fake,3146,15.878416,0.0
1860,Hp tablets,2842092,42,2.0,127,2842092,fake,704,0.0,0.0
8924,visio,1067417,12,2.0,74,1067417,fake,3218,0.0,0.0
1054,Dell,1648231,23,7.0,728,1648231,fake,405,0.0,0.0
6161,harmony,9837565,14,2.0,118,9837565,fake,2259,6.6914606,0.0
7437,mouse pad,1154121,25,1.0,84,1154121,fake,2653,0.0,0.0
8198,sharp,2380145,34,2.0,239,2380145,fake,2963,5.494752,0.0
8574,the bigs,1429284,16,2.0,71,1429284,fake,3091,0.0,0.0
2918,Nook color,2506119,11,2.0,192,2506119,fake,1082,0.0,0.0
7764,portable dvd players,1486345,13,3.0,163,1486345,fake,2806,11.516937,0.0
3682,Sling,8548832,16,1.0,43,8548832,fake,1353,10.466577,0.0
1023,DVD player,9905608,16,4.0,316,9905608,fake,386,7.8439064,0.0
6006,gameboy,1034769,12,1.0,55,1034769,fake,2201,0.0,0.0
2269,Laptop,1853531,79,8.0,2710,1853531,fake,848,0.0,0.0
3587,Screen protector,1230537,10,1.0,45,1230537,fake,1319,0.0,0.0
3154,Powermat,1201262,20,1.0,69,1201262,fake,1181,7.600754,0.0
2692,Modem,2836657,193,1.0,777,2836657,fake,976,7.4858656,0.75
3922,Star wars blu-ray,2550164,51,1.0,76,2550164,fake,1437,14.815033,0.0
2322,Laptop hard drive,9172799,28,1.0,91,9172799,fake,857,11.170881,0.0
7739,pokemon,1701197,10,1.0,100,1701197,fake,2799,0.0,0.0
9088,wireless headphones,9040076,41,3.0,342,9040076,fake,3273,10.582481,0.0
69,2622037 2127204 2127213 2121716 2138291,9755322,21,15.0,3248,9755322,fake,15,0.0,0.0
2326,Laptop power supply,9420361,13,1.0,27,9420361,fake,861,8.050637,0.0
4398,Vacuum,9497699,19,2.0,147,9497699,fake,1613,5.848093,0.0
232,Alienware,2817246,63,3.0,343,2817246,fake,112,6.7965527,0.0
7301,michael buble,16579043,15,2.0,71,16579043,fake,2603,0.0,0.0
3831,Sony vaio laptop,2925714,17,1.0,75,2925714,fake,1403,9.100678,0.0
8654,top gun,2466342,21,1.0,35,2466342,fake,3127,10.059658,0.0
4075,The lion king,2863978,94,2.0,296,2863978,fake,1496,13.198385,0.5
5542,ddr2,9359963,23,2.0,96,9359963,fake,2005,5.9193954,0.0
6302,hp laptop,2660188,28,3.0,487,2660188,fake,2302,6.3623476,0.0
2981,Otterbox,2193884,21,7.0,665,2193884,fake,1106,5.222966,0.0
1995,Internal hard drive,9172799,14,3.0,132,9172799,fake,757,12.081963,0.0
7186,logitech revue,1331156,10,3.0,173,1331156,fake,2559,0.0,0.0
3010,Pandigital,3016127,53,1.0,82,3016127,fake,1117,11.063634,0.0
3490,Samsung galaxy,2817743,29,4.0,439,2817743,fake,1279,11.77169,0.0
1011,D7000,1230707,65,1.0,142,1230707,fake,384,7.412636,0.5
7145,lil Wayne,3143996,13,3.0,90,3143996,fake,2547,0.0,0.0
2733,Mophie,1776227,43,1.0,160,1776227,fake,989,7.600754,0.0
50,2622037 2127204 2127213 2121716 2138291,2678499,10,26.0,3248,2678499,fake,15,0.0,0.0
6286,hp,2678499,14,7.0,821,2678499,fake,2297,2.8761578,0.0
4475,Watch,2074092,10,2.0,51,2074092,fake,1636,0.0,0.0
4748,Xbox live,1272483,31,4.0,285,1272483,fake,1721,8.0171,0.0
4002,Tablet,2512059,27,9.0,1249,2512059,fake,1470,6.236845,0.0
3311,Razer,2596769,21,1.0,242,2596769,fake,1222,7.586097,0.0
4565,Windows 7,1303162,141,1.0,544,1303162,fake,1671,11.34529,0.5
7320,microphone,8427188,14,1.0,209,8427188,fake,2609,8.142116,0.0
4224,Transformers dark of the moon,2248408,14,3.0,367,2248408,fake,1556,18.839762,0.0
2610,Madden 2012,2375201,109,1.0,140,2375201,fake,941,9.190647,0.5
3612,Sharp aquos,2009333,21,1.0,102,2009333,fake,1331,13.852618,0.0
6762,ipad 2,1918265,20,6.0,1020,1918265,fake,2427,6.7450576,0.0
913,Carter,3232178,14,1.0,36,3232178,fake,335,6.9486876,0.0
2963,Otter box,2193784,64,1.0,510,2193784,fake,1105,0.0,0.0
4175,Toshiba tablet,2769576,27,1.0,48,2769576,fake,1539,11.649017,0.0
5275,bruno mars,1257093,13,1.0,22,1257093,fake,1896,0.0,0.0
2819,Netgear n600,1208844,23,1.0,35,1208844,fake,1031,6.0124693,0.0
4618,Wireless router,1208844,65,4.0,1032,1208844,fake,1689,9.796352,0.0
2155,Kegerator,8998481,19,1.0,67,8998481,fake,817,0.0,0.0
4033,Tablets,2971069,14,11.0,1026,2971069,fake,1473,0.0,0.0
3979,Supernatural season 6,3088323,32,2.0,122,3088323,fake,1462,15.105789,0.0
2548,MacBook air,1534115,181,2.0,858,1534115,fake,923,0.0,0.5
8551,tablets,8856865,51,6.0,1400,8856865,fake,3078,0.0,0.0
5413,carrie underwood,1241199,15,1.0,75,1241199,fake,1942,16.829779,0.0
3500,Samsung galaxy tab,2775261,14,6.0,420,2775261,fake,1285,21.021261,0.0
2245,Kung Fu panda 2,2992174,11,2.0,28,2992174,fake,839,26.035751,0.0
3013,Parks and recreation,3142148,26,1.0,40,3142148,fake,1120,13.227779,0.0
4399,Vacuum,9840425,23,1.0,147,9840425,fake,1613,5.848093,0.0
8577,the carter 4,3143987,87,1.0,183,3143987,fake,3092,7.4306517,0.5
1331,External hard drive,9420325,14,13.0,681,9420325,fake,507,0.0,0.0
6264,high school musical,8422799,10,1.0,67,8422799,fake,2288,16.415924,0.0
3517,Samsung laptop,2372452,10,6.0,256,2372452,fake,1289,7.803273,0.0
8666,toshiba,2833814,23,2.0,486,2833814,fake,3128,3.282858,0.0
1141,Digital camera,2049039,15,2.0,249,2049039,fake,431,7.8901067,0.0
1574,Gps,9953155,23,10.0,1089,9953155,fake,607,8.269896,0.0
6539,iPhone 4 case,2070102,11,10.0,604,2070102,fake,2366,8.7970085,0.0
8632,thrive,2925101,20,3.0,326,2925101,fake,3118,9.061212,0.0
6231,headphones,8241422,15,12.0,1131,8241422,fake,2278,0.0,0.0
4932,apple computer,9755322,16,1.0,52,9755322,fake,1786,2.6581287,0.0
6759,ipad 1,1945531,10,1.0,41,1945531,fake,2426,5.2322006,0.0
5793,dynex,2620821,30,1.0,214,2620821,fake,2106,5.969898,0.0
3383,Rescue me,9929459,13,2.0,103,9929459,fake,1244,10.430776,0.0
6953,king of queens,6976187,17,1.0,84,6976187,fake,2492,10.767488,0.0
1481,Gateway,2930088,60,2.0,335,2930088,fake,573,3.4457474,0.0
292,Apple,2658068,11,18.0,1638,2658068,fake,129,3.0138502,0.0
3049,Pioneer,9846526,14,6.0,349,9846526,fake,1139,5.1981134,0.0
5707,droid x2,3003927,14,1.0,41,3003927,fake,2071,13.788059,0.0
9085,wireless headphones,8241422,47,2.0,342,8241422,fake,3273,10.582481,0.0
5405,car stereos,1149887,16,2.0,219,1149887,fake,1940,0.0,0.0
7778,portable tv,1551014,12,1.0,150,1551014,fake,2810,10.268581,0.0
1897,Htc flyer,2390524,169,1.0,271,2390524,fake,717,14.953774,0.75
2038,Ipad2,1918159,18,7.0,830,1918159,fake,764,0.0,0.0
7244,macbook,9944942,27,10.0,891,9944942,fake,2574,3.8105717,0.0
2748,Motorola surfboard,2836657,16,1.0,44,2836657,fake,997,14.750429,0.0
5595,desktop computers,2658077,10,1.0,114,2658077,fake,2022,0.0,0.0
2665,Microwave,6963869,33,3.0,363,6963869,fake,967,5.3972807,0.0
7129,lenses,9259107,12,1.0,61,9259107,fake,2538,0.0,0.0
1184,Dr dre beats,9492426,43,2.0,313,9492426,fake,452,20.60225,0.0
4681,Xbox 360,1419083,35,6.0,1002,1419083,fake,1704,0.0,0.0
1360,Fast five,3142157,40,4.0,533,3142157,fake,521,14.54974,0.0
7551,nirvana,3511057,31,2.0,149,3511057,fake,2708,8.793466,0.0
1862,Hp touch,2842056,174,1.0,326,2842056,fake,705,5.448473,0.75
8493,surge protectors,9812502,12,1.0,93,9812502,fake,3066,14.940935,0.0
5648,directv,8462184,12,3.0,80,8462184,fake,2044,11.777804,0.0
1600,HP Tablet,2842092,11,2.0,35,2842092,fake,624,0.0,0.0
3197,Projector,2776621,12,12.0,1028,2776621,fake,1188,7.9924135,0.0
3758,Sony dash,9837113,18,1.0,20,9837113,fake,1384,14.128859,0.0
1095,Dell laptops,2628138,11,5.0,202,2628138,fake,410,8.496921,0.0
4686,Xbox 360,3107795,52,5.0,1002,3107795,fake,1704,0.0,0.0
455,Beats,1232447,90,11.0,2781,1232447,fake,198,0.0,0.0
730,Bose sound dock,9498386,14,2.0,53,9498386,fake,271,5.3008614,0.0
546,Beats studio,9632217,32,1.0,85,9632217,fake,210,12.319086,0.0
5541,dazzle,15229138,13,3.0,179,15229138,fake,2004,0.0,0.0
5869,external hard drive,9420254,16,8.0,525,9420254,fake,2143,11.492472,0.0
459,Beats,2074648,154,6.0,2781,2074648,fake,198,4.3238316,0.0
7593,one tree hill,9426338,14,2.0,101,9426338,fake,2733,13.7336645,0.0
1813,Hp dv6t,2738329,16,1.0,25,2738329,fake,690,3.261057,0.0
4615,Wireless printers,8781428,11,1.0,44,8781428,fake,1687,9.983852,0.0
1962,Imac,2658086,17,4.0,268,2658086,fake,745,7.2240524,0.0
2660,Microsoft word,1054089,25,1.0,62,1054089,fake,966,15.571453,0.0
8778,turtle beach,9408679,33,4.0,490,9408679,fake,3166,12.399889,0.0
5566,dell,2817237,10,9.0,456,2817237,fake,2011,4.993185,0.0
978,Computer speakers,1215025,13,8.0,430,1215025,fake,373,4.554044,0.0
661,Boombox,2236043,10,4.0,118,2236043,fake,253,8.285892,0.0
845,Canon rebel t3i,1980124,15,1.0,32,1980124,fake,315,14.831736,0.0
9134,wireless speakers,2989098,14,2.0,180,2989098,fake,3283,10.155226,0.0
1049,Deadmau5,1539769,11,1.0,36,1539769,fake,402,0.0,0.0
3893,Speck,9895982,12,1.0,84,9895982,fake,1423,0.0,0.0
3602,Sharp,2047632,13,5.0,256,2047632,fake,1327,5.829443,0.0
5611,dexter season 5,2945034,30,1.0,41,2945034,fake,2029,10.72183,0.0
7843,projector,2125876,48,3.0,742,2125876,fake,2829,0.0,0.0
8971,waterproof camera,2420165,19,1.0,134,2420165,fake,3236,4.048067,0.0
3937,Starwars,2550137,33,2.0,246,2550137,fake,1446,0.0,0.0
6765,ipad 2,1945674,39,5.0,1020,1945674,fake,2427,0.0,0.0
4971,arkham city,3046579,21,2.0,57,3046579,fake,1802,14.574888,0.0
4164,Toshiba laptop,2809477,24,2.0,348,2809477,fake,1533,0.0,0.0
6116,grand theft auto,1511593,12,3.0,100,1511593,fake,2239,19.003223,0.0
7581,odin sphere,1480031,46,1.0,64,1480031,fake,2724,0.0,0.0
627,Bluetooth,2264036,30,3.0,783,2264036,fake,243,7.605399,0.0
3995,T3i,2129187,14,2.0,115,2129187,fake,1468,6.2431364,0.0
6118,grand theft auto,8280978,23,1.0,100,8280978,fake,2239,19.003223,0.0
4712,Xbox 360 controller,1608094,27,2.0,168,1608094,fake,1709,15.426292,0.0
4287,Turtle beaches,9824298,35,1.0,150,9824298,fake,1579,10.97604,0.0
7423,motorola photon,3005219,45,1.0,64,3005219,fake,2648,14.663112,0.0
577,Blackberry bold 9900,3371099,26,1.0,31,3371099,fake,223,20.737719,0.0
4962,aquos,2009333,17,1.0,79,2009333,fake,1799,7.645068,0.0
6999,laptop,1623912,47,10.0,2126,1623912,fake,2513,0.0,0.0
2542,MacBook,9119759,16,12.0,1504,9119759,fake,921,3.8105717,0.0
652,Bluetooth headset,9705673,17,2.0,207,9705673,fake,246,15.0775585,0.0
4587,Wireless extender,2733324,11,1.0,50,2733324,fake,1680,6.216758,0.0
1414,Fringe,1168027,23,3.0,144,1168027,fake,545,7.749915,0.0
5030,back up camera,9044875,11,1.0,35,9044875,fake,1823,4.328843,0.0
8545,tablets,2842056,243,1.0,1400,2842056,fake,3078,7.1665077,0.75
5609,dexter,8868861,10,6.0,157,8868861,fake,2028,7.5719986,0.0
3690,Smallville,3224045,37,1.0,100,3224045,fake,1356,8.053364,0.0
553,Big bang theory,2965083,127,1.0,316,2965083,fake,216,16.535494,0.5
1732,Headphones,8964864,34,9.0,1651,8964864,fake,666,0.0,0.0
7240,macbook,3108172,28,9.0,891,3108172,fake,2574,4.1104107,0.0
5319,cameras,2049039,29,1.0,364,2049039,fake,1914,4.048067,0.0
4240,Triton,9466124,37,1.0,108,9466124,fake,1562,0.0,0.0
5732,dv2000,1733053,20,1.0,71,1733053,fake,2083,0.0,0.0
6041,gateway laptop,2804985,12,3.0,100,2804985,fake,2214,6.2930155,0.0
4081,The office,3060039,74,1.0,174,3060039,fake,1498,5.56015,0.5
2567,MacBook pro,9755395,177,2.0,1042,9755395,fake,926,7.161173,0.5
4358,Two and a half men,2965153,17,1.0,37,2965153,fake,1594,15.3259325,0.0
4436,Virgin mobile,2431892,25,4.0,576,2431892,fake,1626,0.0,0.0
835,Canon flash,8968334,14,1.0,52,8968334,fake,309,10.350505,0.0
8901,video capture,9714371,13,2.0,102,9714371,fake,3212,13.544556,0.0
4930,apple,9755322,157,1.0,769,9755322,fake,1785,2.6581287,0.5
2009,Ipad,2205043,34,11.0,2759,2205043,fake,761,4.207155,0.0
2026,Ipad,2903297,19,17.0,2759,2903297,fake,761,0.0,0.0
8305,sony google,1275675,13,1.0,39,1275675,fake,2999,11.58767,0.0
7841,projector,1372995,34,5.0,742,1372995,fake,2829,7.39674,0.0
2786,Ncis,2965117,30,1.0,76,2965117,fake,1022,7.3340855,0.0
7819,printer,9930525,16,8.0,548,9930525,fake,2823,0.0,0.0
1444,Galaxy tab,3131301,11,9.0,537,3131301,fake,557,12.660818,0.0
8416,ssd,1149896,25,1.0,115,1149896,fake,3036,0.0,0.0
6375,htc evo,1552526,25,3.0,244,1552526,fake,2325,11.858708,0.0
8184,security camera,9772225,13,1.0,152,9772225,fake,2956,4.048067,0.0
2327,Laptop sleeve,1627345,13,1.0,118,1627345,fake,862,12.544351,0.0
2835,Nike,1259383,10,4.0,86,1259383,fake,1040,8.539537,0.0
8911,virgin mobile,1409226,34,3.0,627,1409226,fake,3216,12.693966,0.0
4026,Tablets,2809771,64,3.0,1026,2809771,fake,1473,0.0,0.0
6592,iPhone hdmi,2343563,21,1.0,40,2343563,fake,2378,0.0,0.0
8557,tech n9ne,2716718,14,1.0,42,2716718,fake,3081,0.0,0.0
9135,wireless speakers,8275528,12,3.0,180,8275528,fake,3283,9.496542,0.0
5302,camcorders,1159311,10,1.0,157,1159311,fake,1908,4.480342,0.0
2796,Netbook,2670819,12,14.0,957,2670819,fake,1027,0.0,0.0
7798,power supply,8311052,29,1.0,335,8311052,fake,2817,11.71558,0.0
895,Car stereo,1685043,43,4.0,660,1685043,fake,330,0.0,0.0
5157,bluetooth,1902051,22,6.0,693,1902051,fake,1862,8.27152,0.0
3454,Samsung,2775225,12,13.0,900,2775225,fake,1264,3.3096237,0.0
8752,triton,9466295,11,1.0,43,9466295,fake,3156,0.0,0.0
1332,External hard drive,9467132,10,16.0,681,9467132,fake,507,10.929596,0.0
8811,tv antenna,8850601,19,5.0,269,8850601,fake,3169,10.343994,0.0
1019,DVD player,2346039,12,6.0,316,2346039,fake,386,7.259301,0.0
6358,hp touchpad,2884119,88,4.0,5442,2884119,fake,2317,16.79459,0.0
3328,Receiver,9693507,13,8.0,441,9693507,fake,1226,6.185836,0.0
8555,targus,1151337,17,1.0,75,1151337,fake,3080,10.477421,0.0
4486,Waterproof camera,2424259,15,2.0,226,2424259,fake,1642,4.048067,0.0
3942,Steering wheel,9926531,13,1.0,45,9926531,fake,1449,6.091913,0.0
4354,Tvs,2731608,11,2.0,223,2731608,fake,1591,0.0,0.0
808,Canon,1218341,12,9.0,537,1218341,fake,300,4.9907713,0.0
5539,dazzle,9714371,51,2.0,179,9714371,fake,2004,7.2627544,0.0
5412,carpet cleaner,5457542,21,1.0,43,5457542,fake,1941,0.0,0.0
2741,Motorola atrix,1800355,46,1.0,79,1800355,fake,993,15.99704,0.0
8618,thor,3103256,295,2.0,963,3103256,fake,3111,11.359602,0.75
8395,speakers,7933686,17,5.0,542,7933686,fake,3028,3.850443,0.0
6412,i pod touch,9225377,41,1.0,72,9225377,fake,2339,3.7719202,0.0
352,Apple laptops,1535918,12,5.0,238,1535918,fake,150,2.6581287,0.0
631,Bluetooth,2992183,15,11.0,783,2992183,fake,243,0.0,0.0
3741,Sony Internet tv,1275675,16,1.0,33,1275675,fake,1375,7.742279,0.0
6048,gears of war,3158643,13,4.0,243,3158643,fake,2216,9.453739,0.0
5694,driver san francisco,1092403,18,1.0,23,1092403,fake,2065,23.698616,0.0
6466,iPad 2,2339877,14,12.0,1600,2339877,fake,2347,7.5667505,0.0
3969,Sucker punch,2775386,23,1.0,35,2775386,fake,1460,15.697415,0.0
4926,apple,3108109,22,9.0,769,3108109,fake,1785,0.0,0.0
8781,turtle beach,9824298,74,1.0,490,9824298,fake,3166,10.97604,0.0
5585,denon,2127161,10,4.0,160,2127161,fake,2018,5.8640375,0.0
7814,printer,1525426,15,9.0,548,1525426,fake,2823,4.6891675,0.0
5455,chromebook,2809229,21,3.0,87,2809229,fake,1965,6.069643,0.0
953,Citizen Kane,3158361,27,1.0,38,3158361,fake,356,16.320454,0.0
2574,Macbook,1019306,10,12.0,774,1019306,fake,932,8.317114,0.0
8087,samsung galaxy,2775359,10,9.0,545,2775359,fake,2916,10.337644,0.0
3996,TV,9225377,10,1.0,71,9225377,fake,1469,0.0,0.0
2280,Laptop,2805092,36,18.0,2710,2805092,fake,848,0.0,0.0
2477,Mac,2658101,17,12.0,1522,2658101,fake,906,0.0,0.0
2893,Nintendo 3ds,1974633,12,6.0,249,1974633,fake,1072,10.777468,0.0
5168,bluetooth,9101143,13,12.0,693,9101143,fake,1862,8.27152,0.0
5710,ds games,1260403,13,1.0,76,1260403,fake,2073,4.94261,0.0
4367,Un46d7000,2135063,19,1.0,26,2135063,fake,1600,0.0,0.0
685,Bose,1246325,81,5.0,1584,1246325,fake,260,0.0,0.0
3404,Roku 2,2825041,19,1.0,38,2825041,fake,1254,12.357703,0.0
7791,power supply,1510585,28,2.0,335,1510585,fake,2817,11.83003,0.0
7269,madden 12,2856465,14,3.0,295,2856465,fake,2582,11.122679,0.0
5111,beyonce,9600443,14,2.0,149,9600443,fake,1846,0.0,0.0
1552,Gophone,9836584,12,1.0,56,9836584,fake,604,8.452609,0.0
974,Computer monitors,1422209,15,1.0,32,1422209,fake,372,4.78175,0.0
615,Blue ray player,2003047,12,2.0,94,2003047,fake,239,9.051018,0.0
6674,ihome,9827701,10,8.0,253,9827701,fake,2410,7.708646,0.0
1039,Dead island,2541193,107,2.0,643,2541193,fake,397,15.327518,0.5
2246,Kung Fu panda 2,2992438,17,1.0,28,2992438,fake,839,22.65831,0.0
1175,Dr dre,9836432,10,6.0,256,9836432,fake,451,10.371453,0.0
281,Anthrax,3276438,42,1.0,64,3276438,fake,126,0.0,0.0
2600,Macs,9755322,16,1.0,39,9755322,fake,937,0.0,0.0
6606,iPod case,2193784,10,2.0,114,2193784,fake,2385,6.5805707,0.0
8947,wacom,9469014,12,4.0,215,9469014,fake,3225,11.2828665,0.0
6676,imac,2658068,10,6.0,390,2658068,fake,2412,0.0,0.0
8424,star wars,2550164,954,1.0,1594,2550164,fake,3040,6.423506,1.0
5359,car alarm,2224084,13,2.0,186,2224084,fake,1930,0.0,0.0
5678,dragonball z,9160962,11,1.0,69,9160962,fake,2060,12.259837,0.0
6815,ipod charger,1658122,14,2.0,99,1658122,fake,2440,8.65155,0.0
7839,projector,1229392,26,6.0,742,1229392,fake,2829,9.526842,0.0
1516,Glee,3209189,21,5.0,261,3209189,fake,587,6.168318,0.0
7693,plasma tv,2691053,11,4.0,158,2691053,fake,2784,6.107957,0.0
8317,sony laptop,2794138,34,2.0,308,2794138,fake,3004,5.589755,0.0
3752,Sony camera,2317038,15,4.0,217,2317038,fake,1381,7.88036,0.0
9270,zen,2460948,10,1.0,56,2460948,fake,3324,4.9233427,0.0
3800,Sony tablet,3478037,24,2.0,118,3478037,fake,1397,13.136419,0.0
5208,bones,1196065,17,1.0,41,1196065,fake,1874,5.1287174,0.0
518,Beats by dre,9740784,21,15.0,1655,9740784,fake,204,12.431894,0.0
9031,wii,2539748,14,8.0,451,2539748,fake,3256,7.497902,0.0
508,Beats by dre,2074648,82,8.0,1655,2074648,fake,204,10.406876,0.0
7449,nancy drew,1323979,12,2.0,81,1323979,fake,2663,14.679729,0.0
8890,verbatim,7642777,14,1.0,100,7642777,fake,3206,5.778677,0.0
1088,Dell laptop,3047444,53,1.0,387,3047444,fake,409,0.0,0.0
6594,iPhone screen protector,1230537,11,1.0,30,1230537,fake,2380,5.4912252,0.0
1297,Electric guitars,8389978,10,1.0,29,8389978,fake,492,9.138616,0.0
5939,fm transmitter,9246862,15,4.0,271,9246862,fake,2171,0.0,0.0
4619,Wireless router,1678271,21,11.0,1032,1678271,fake,1689,0.0,0.0
7502,nhl 12,2807054,45,1.0,54,2807054,fake,2685,14.755093,0.0
6484,iPad 2 case,2701307,11,4.0,198,2701307,fake,2349,10.5797,0.0
4860,alpine,9775134,20,3.0,379,9775134,fake,1765,6.1225758,0.0
27,2622037 2127204 2127213 2121716 2138291,2009281,16,20.0,3248,2009281,fake,15,0.0,0.0
6588,iPhone cases,2589505,33,1.0,265,2589505,fake,2376,7.4523363,0.0
8297,sony camera,2061077,21,1.0,139,2061077,fake,2996,7.88036,0.0
7533,nintendo 3ds,1824267,41,1.0,146,1824267,fake,2701,14.624317,0.0
2319,Laptop computers,2969477,12,1.0,105,2969477,fake,855,2.9688559,0.0
2607,Madden 12,2795473,17,4.0,611,2795473,fake,940,13.80987,0.0
1099,Dell xps,2633088,10,3.0,99,2633088,fake,413,8.777526,0.0
3319,Receiver,1799109,13,8.0,441,1799109,fake,1226,0.0,0.0
7442,mp3 players,9225377,17,1.0,135,9225377,fake,2658,7.7822723,0.0
2495,Mac book,1535845,16,8.0,590,1535845,fake,908,0.0,0.0
94,2k12,2978363,37,1.0,46,2978363,fake,40,12.373636,0.0
4854,alpine,1918052,17,4.0,379,1918052,fake,1765,5.49195,0.0
1566,Gps,9539298,12,14.0,1089,9539298,fake,607,7.5455747,0.0
5635,digital photo frames,1635186,13,2.0,64,1635186,fake,2039,14.449203,0.0
716,Bose head phones,9450578,10,1.0,27,9450578,fake,265,6.213887,0.0
8287,sony,2802474,11,7.0,749,2802474,fake,2994,2.742487,0.0
6448,iPad,2884085,17,19.0,3643,2884085,fake,2345,0.0,0.0
7431,motorola xoom,2701158,26,3.0,366,2701158,fake,2650,12.347746,0.0
5341,canon lens,2473035,10,4.0,125,2473035,fake,1921,10.007982,0.0
7848,projector,9405397,14,9.0,742,9405397,fake,2829,8.692431,0.0
6133,guitar hero 2,1118411,13,2.0,65,1118411,fake,2247,16.019403,0.0
6426,iPad,1918265,76,8.0,3643,1918265,fake,2345,0.0,0.0
6045,gears of war,2612777,26,2.0,243,2612777,fake,2216,14.021704,0.0
8004,rescue me,8815972,10,4.0,136,8815972,fake,2885,9.233035,0.0
2243,Kodak playsport,2002039,33,1.0,52,2002039,fake,837,12.073591,0.0
4624,Wireless router,2095629,11,15.0,1032,2095629,fake,1689,0.0,0.0
1852,Hp printer,9947181,33,1.0,108,9947181,fake,701,10.084974,0.0
1004,Criminal minds,3243128,50,1.0,120,3243128,fake,380,12.144312,0.0
6184,hdmi,2383276,18,6.0,406,2383276,fake,2268,0.0,0.0
163,55 inch tv,2009148,11,1.0,46,2009148,fake,69,5.648781,0.0
8611,the wire,9124716,17,1.0,77,9124716,fake,3109,6.841982,0.0
5007,asus pad,2475916,12,1.0,24,2475916,fake,1812,10.675796,0.0
5003,asus laptop,2712579,24,2.0,197,2712579,fake,1811,6.894801,0.0
8830,tv tuner,9234205,30,1.0,168,9234205,fake,3175,10.280938,0.0
6829,ipod speakers,1114764,13,1.0,140,1114764,fake,2446,7.3015766,0.0
1703,Head phones,8964864,10,6.0,281,8964864,fake,663,0.0,0.0
3181,Printers,1525426,11,9.0,509,1525426,fake,1187,4.6891675,0.0
1919,I touch,9225377,37,1.0,61,9225377,fake,730,3.7719202,0.0
2791,Net book,2738738,10,1.0,58,2738738,fake,1026,0.0,0.0
4411,Vcr,8971008,11,1.0,40,8971008,fake,1616,6.566183,0.0
4605,Wireless keyboard,2588454,21,3.0,214,2588454,fake,1683,13.702005,0.0
4695,Xbox 360 250gb,1069212,20,1.0,39,1069212,fake,1705,21.398682,0.0
1487,Gateway laptops,2930088,10,1.0,30,2930088,fake,575,6.2930155,0.0
7134,lg revolution,2671414,13,1.0,26,2671414,fake,2542,11.3619,0.0
1849,Hp pavilion,2971078,10,2.0,92,2971078,fake,700,6.8822565,0.0
4520,Westinghouse,2047526,14,5.0,157,2047526,fake,1654,8.011838,0.0
4318,Tv DVD combo,9574114,14,1.0,60,9574114,fake,1581,6.67282,0.0
1190,Dr dre headphones,8913606,10,1.0,84,8913606,fake,453,17.195904,0.0
2402,Lg 3d,2970264,12,1.0,32,2970264,fake,873,10.582465,0.0
8322,sony laptop,2802517,14,5.0,308,2802517,fake,3004,5.589755,0.0
8959,warcraft,6957304,11,2.0,94,6957304,fake,3230,9.313691,0.0
8753,tritton,3158643,17,3.0,117,3158643,fake,3157,7.916786,0.0
8452,starwars,2550164,108,1.0,142,2550164,fake,3053,0.0,0.5
3572,Scanner,1154825,33,1.0,152,1154825,fake,1312,7.822382,0.0
5281,cable modem,2847643,58,3.0,568,2847643,fake,1900,11.032124,0.0
5982,galaxy tab,2817743,78,3.0,794,2817743,fake,2192,14.417138,0.0
5986,galaxy tab,3071038,11,12.0,794,3071038,fake,2192,0.0,0.0
8546,tablets,2842092,172,2.0,1400,2842092,fake,3078,0.0,0.5
4115,Thrive,2768901,21,2.0,118,2768901,fake,1520,8.473487,0.0
2830,Nexus s,2300417,34,2.0,102,2300417,fake,1037,13.163113,0.0
1370,First class,3209204,17,2.0,132,3209204,fake,526,8.979207,0.0
6060,geek squad,9345844,10,1.0,49,9345844,fake,2219,0.0,0.0
3634,Sirius,1166875,14,4.0,154,1166875,fake,1343,0.0,0.0
646,Bluetooth headphones,3188252,40,4.0,344,3188252,fake,245,0.0,0.0
1262,Dynex,8427106,15,5.0,192,8427106,fake,478,6.85977,0.0
6,1196499,1196499,141,1.0,186,1196499,fake,4,0.0,0.75
4504,Webcam,2588427,14,9.0,483,2588427,fake,1650,0.0,0.0
4405,Vaio,3504885,12,5.0,305,3504885,fake,1614,5.776078,0.0
1814,Hp dv7,2678499,11,1.0,27,2678499,fake,691,2.8761578,0.0
7702,play station 3,9791669,14,2.0,160,9791669,fake,2787,3.7834148,0.0
6508,iPhone,1048998,66,2.0,721,1048998,fake,2362,5.4912252,0.0
9043,wii fit,9535096,20,1.0,45,9535096,fake,3258,14.208869,0.0
1475,Garth Brooks,8502159,16,1.0,25,8502159,fake,572,0.0,0.0
4717,Xbox 360 controller,8267644,30,1.0,168,8267644,fake,1709,17.72573,0.0
1591,Gunnar,1649294,20,1.0,54,1649294,fake,617,11.810198,0.0
4949,apple laptops,1535836,20,4.0,184,1535836,fake,1793,2.6581287,0.0
603,Blu ray player,1233058,40,1.0,252,1233058,fake,236,10.780299,0.0
7954,randy orton,3230892,19,1.0,44,3230892,fake,2865,17.224777,0.0
8084,samsung galaxy,2414049,21,4.0,545,2414049,fake,2916,10.337644,0.0
8744,treo,1418612,31,1.0,68,1418612,fake,3152,8.11079,0.0
4859,alpine,9438076,12,7.0,379,9438076,fake,1765,6.4955072,0.0
6232,headphones,8483697,34,4.0,1131,8483697,fake,2278,0.0,0.0
1263,Dynex 32,1854819,19,1.0,28,1854819,fake,479,0.0,0.0
2744,Motorola modem,2836657,20,1.0,45,2836657,fake,995,13.4587,0.0
1969,Inception,1534442,13,1.0,37,1534442,fake,747,9.293038,0.0
8447,starcraft,8719899,14,2.0,95,8719899,fake,3050,10.281595,0.0
538,Beats headphones,9836718,40,1.0,225,9836718,fake,207,11.534045,0.0
153,3ds,1988047,71,3.0,578,1988047,fake,64,6.813177,0.0
8782,turtle beach,9853192,15,10.0,490,9853192,fake,3166,0.0,0.0
7897,ps3 headset,9295915,18,3.0,182,9295915,fake,2840,6.9152603,0.0
1988,Insignia 42,9748831,10,2.0,25,9748831,fake,754,12.545597,0.0
3131,Portable tv,1551014,18,1.0,129,1551014,fake,1172,10.268581,0.0
2556,MacBook air,9755322,24,8.0,858,9755322,fake,923,4.1104107,0.0
9044,wii game system,2539739,19,1.0,75,2539739,fake,3259,7.497902,0.0
1794,Hp,1623912,25,4.0,899,1623912,fake,684,0.0,0.0
4159,Toshiba laptop,1853531,11,10.0,348,1853531,fake,1533,3.5632353,0.0
809,Canon,1218369,11,10.0,537,1218369,fake,300,4.9907713,0.0
3075,Playbook,2387032,26,4.0,521,2387032,fake,1155,11.019675,0.0
5510,computers,8856865,13,3.0,374,8856865,fake,1985,0.0,0.0
1123,Dexter,1067587,13,7.0,313,1067587,fake,424,0.0,0.0
4227,Transformers dark of the moon,3247036,32,2.0,367,3247036,fake,1556,17.533028,0.0
4550,Wii console,9983286,18,5.0,338,9983286,fake,1664,0.0,0.0
8597,the office season 7,3060039,41,1.0,66,3060039,fake,3101,8.963875,0.0
8486,supernatural,3980785,10,6.0,321,3980785,fake,3063,9.852162,0.0
1502,Gears of war 3,3118203,24,5.0,496,3118203,fake,580,13.46702,0.0
8411,sprint phones,2817051,13,2.0,130,2817051,fake,3035,12.368244,0.0
7877,ps3,9172799,10,14.0,1042,9172799,fake,2834,0.0,0.0
7777,portable tv,1344538,12,1.0,150,1344538,fake,2810,11.033897,0.0
4379,Universal remote,1088064,14,5.0,236,1088064,fake,1606,12.900499,0.0
7482,netflix,1233058,17,1.0,60,1233058,fake,2676,0.0,0.0
5813,eee pad transformer,2475916,13,1.0,27,2475916,fake,2115,17.64277,0.0
5551,deadwood,8318554,11,2.0,74,8318554,fake,2008,8.302942,0.0
3209,Projectors,1347887,92,1.0,339,1347887,fake,1190,7.9924135,0.5
8678,toshiba laptop,2969477,62,1.0,337,2969477,fake,3129,6.532091,0.0
6147,hard drive,8682311,24,3.0,304,8682311,fake,2254,8.83519,0.0
4165,Toshiba laptop,2833077,15,7.0,348,2833077,fake,1533,6.264573,0.0
7127,lenovo laptop,2731265,17,1.0,66,2731265,fake,2537,6.8424788,0.0
72,2686552,2686552,32,1.0,36,2686552,fake,18,0.0,0.0
8141,samsung tv,2522153,12,2.0,276,2522153,fake,2936,3.820962,0.0
490,Beats by dr dre,9492426,74,2.0,538,9492426,fake,201,20.60225,0.0
7491,network card,3863251,14,1.0,82,3863251,fake,2681,10.140397,0.0
7781,portal 2,2146696,14,1.0,28,2146696,fake,2811,14.639778,0.0
5812,eee pad,2475916,24,1.0,59,2475916,fake,2114,11.944729,0.0
6452,iPad,9635348,13,23.0,3643,9635348,fake,2345,0.0,0.0
4983,asus,2712297,44,7.0,1201,2712297,fake,1804,3.7651606,0.0
8864,usb drive,1251981,10,1.0,90,1251981,fake,3193,6.4205103,0.0
8841,two and a half men,2965153,11,1.0,33,2965153,fake,3180,15.3259325,0.0
6120,graphics card,9325241,23,1.0,180,9325241,fake,2240,7.0931244,0.0
6964,klipsch,9845706,26,3.0,281,9845706,fake,2496,6.5990734,0.0
1417,Fringe,3158121,14,5.0,144,3158121,fake,545,8.82499,0.0
4653,X men,3209204,18,2.0,195,3209204,fake,1697,9.359189,0.0
5476,community,3208939,70,1.0,91,3208939,fake,1976,5.8884306,0.5
2781,Naga,9549991,16,1.0,36,9549991,fake,1017,9.53134,0.0
4664,Xbox,1162184,50,3.0,502,1162184,fake,1703,5.6131263,0.0
6966,kodak,1121982,10,2.0,131,1121982,fake,2498,4.7068415,0.0
7267,madden 12,2375201,202,1.0,295,2375201,fake,2582,13.80987,0.75
6627,iPod speakers,1114764,15,1.0,170,1114764,fake,2394,7.3015766,0.0
1932,IPhone 4,1049236,13,1.0,56,1049236,fake,737,8.7970085,0.0
3481,Samsung captivate,1113847,17,1.0,31,1113847,fake,1275,14.661211,0.0
125,3d camera,2266034,10,1.0,30,2266034,fake,58,5.1531916,0.0
5139,blu ray,2004046,10,1.0,183,2004046,fake,1858,7.3814063,0.0
4509,Webcam,9912835,12,10.0,483,9912835,fake,1650,8.75865,0.0
7539,nintendo ds,1824258,11,2.0,182,1824258,fake,2702,7.8111405,0.0
1100,Dell xps,2635138,14,1.0,99,2635138,fake,413,7.741522,0.0
7367,mini laptop,1853531,19,2.0,81,1853531,fake,2627,3.6650333,0.0
2264,Laptop,1534115,10,34.0,2710,1534115,fake,848,0.0,0.0
3618,Shuffle,9845563,11,1.0,22,9845563,fake,1335,5.3657846,0.0
855,Capture card,2460153,12,4.0,120,2460153,fake,323,7.8182354,0.0
765,Cable modem,8229044,208,2.0,684,8229044,fake,288,16.829638,0.75
4117,Thrive,2769576,55,1.0,118,2769576,fake,1520,8.473487,0.0
8135,samsung tablets,2809771,16,1.0,49,2809771,fake,2935,5.1460795,0.0
2114,Jay-z,3168049,12,2.0,45,3168049,fake,798,0.0,0.0
6145,hard drive,1251981,26,2.0,304,1251981,fake,2254,6.0763407,0.0
1633,Hard drive,1252007,10,8.0,331,1252007,fake,641,6.0763407,0.0
8455,steering wheel,9926531,12,2.0,46,9926531,fake,3055,6.091913,0.0
2894,Nintendo 3ds,1988047,32,2.0,249,1988047,fake,1072,14.624317,0.0
8692,toshiba thrive,2925101,20,4.0,396,2925101,fake,3134,17.354324,0.0
5530,d7000,1230707,20,1.0,53,1230707,fake,1997,7.412636,0.0
6154,hard drives,1251981,14,1.0,137,1251981,fake,2256,6.0763407,0.0
1016,DVD player,1250791,10,7.0,316,1250791,fake,386,8.530916,0.0
485,Beats by dr dre,1232474,30,5.0,538,1232474,fake,201,21.882946,0.0
3024,Photon,3005219,50,1.0,79,3005219,fake,1130,8.690277,0.0
4146,Toshiba,2808132,23,6.0,638,2808132,fake,1531,0.0,0.0
796,Cameras,1987075,16,6.0,460,1987075,fake,297,3.3886814,0.0
2457,Logitech remote,8908051,11,3.0,71,8908051,fake,899,13.500706,0.0
6151,hard drive enclosure,1003059,10,3.0,106,1003059,fake,2255,18.821674,0.0
1488,Gateway netbook,2738738,46,1.0,55,2738738,fake,576,7.6893415,0.0
2392,Lenovo,2817149,22,5.0,464,2817149,fake,870,4.4580135,0.0
1804,Hp,2992217,10,10.0,899,2992217,fake,684,3.261057,0.0
6483,iPad 2 case,2490083,14,2.0,198,2490083,fake,2349,12.462974,0.0
8697,touchpad,2475916,16,9.0,3363,2475916,fake,3137,0.0,0.0
861,Car alarm,7729737,14,3.0,141,7729737,fake,324,0.0,0.0
9179,xbox 360 console,1069212,102,2.0,616,1069212,fake,3294,21.038956,0.5
300,Apple,3108172,15,14.0,1638,3108172,fake,129,0.0,0.0
5293,calculator,6621444,14,1.0,129,6621444,fake,1904,8.067802,0.0
7227,mac laptop,1534115,10,3.0,96,1534115,fake,2570,0.0,0.0
7638,paul,2871185,14,1.0,37,2871185,fake,2753,5.876775,0.0
6628,iPod speakers,2205043,11,2.0,170,2205043,fake,2394,7.3015766,0.0
9247,xoom,2817743,29,8.0,968,2817743,fake,3313,0.0,0.0
2690,Mixer,9797584,12,2.0,116,9797584,fake,975,0.0,0.0
4248,Triumph,2549953,19,1.0,30,2549953,fake,1564,7.0942097,0.0
2441,Lion king,6108124,14,9.0,904,6108124,fake,891,14.35437,0.0
1215,Dream theater,3208657,32,2.0,101,3208657,fake,460,0.0,0.0
3451,Samsung,2414049,11,14.0,900,2414049,fake,1264,0.0,0.0
456,Beats,1232474,199,3.0,2781,1232474,fake,198,0.0,0.5
7982,refrigerator,1931487,15,4.0,283,1931487,fake,2877,5.1834135,0.0
8115,samsung galaxy tablet,2817582,43,1.0,132,2817582,fake,2924,11.77169,0.0
1832,Hp laptop,2992332,10,15.0,636,2992332,fake,693,5.6114063,0.0
3788,Sony laptops,2794138,22,2.0,167,2794138,fake,1391,5.589755,0.0
73,2712515,2712515,21,1.0,27,2712515,fake,19,0.0,0.0
8941,wacom,3016039,49,1.0,215,3016039,fake,3225,8.355567,0.0
5713,dsc-h2,2384178,45,1.0,66,2384178,fake,2075,0.0,0.0
1318,Evo shift,1768561,13,1.0,22,1768561,fake,506,15.7601385,0.0
1096,Dell laptops,3047444,22,2.0,202,3047444,fake,410,7.6645994,0.0
7668,photoshop,1229037,22,3.0,151,1229037,fake,2774,7.412636,0.0
3787,Sony laptop,9999154000050000,13,9.0,543,9999154000050000,fake,1390,0.0,0.0
8139,samsung tv,2244466,15,1.0,276,2244466,fake,2936,5.9749265,0.0
8547,tablets,2884085,16,13.0,1400,2884085,fake,3078,0.0,0.0
368,Archer,1594142,31,1.0,50,1594142,fake,159,6.894967,0.0
3483,Samsung epic,1168955,12,1.0,32,1168955,fake,1277,13.213263,0.0
9056,wii system,2539748,20,2.0,103,2539748,fake,3262,7.497902,0.0
8595,the office,3060066,14,4.0,134,3060066,fake,3100,4.320011,0.0
629,Bluetooth,2869053,14,12.0,783,2869053,fake,243,0.0,0.0
484,Beats by Dre,9836718,20,1.0,139,9836718,fake,200,13.320096,0.0
6128,greys anatomy,9929953,20,2.0,157,9929953,fake,2243,13.2543335,0.0
2546,MacBook,9944951,33,10.0,1504,9944951,fake,921,3.8105717,0.0
3441,S9100,1977039,16,1.0,22,1977039,fake,1262,9.805288,0.0
4057,Tha carter 4,3143996,10,2.0,40,3143996,fake,1485,17.744417,0.0
5882,external hardrive,1251981,15,1.0,87,1251981,fake,2147,3.8781576,0.0
5737,dv9000,2678499,13,3.0,73,2678499,fake,2087,0.0,0.0
3230,Ps3,9701695,82,4.0,1434,9701695,fake,1192,0.0,0.0
2672,Mifi,3369498,20,2.0,102,3369498,fake,968,8.881222,0.0
1369,Final destination,1171103,12,1.0,45,1171103,fake,525,11.291269,0.0
7486,netgear,9826287,28,2.0,225,9826287,fake,2677,8.433448,0.0
8888,vcr,9760069,11,2.0,100,9760069,fake,3204,5.8531437,0.0
3764,Sony google tv,1282387,19,3.0,167,1282387,fake,1386,16.428492,0.0
7475,netbook,3503155,26,6.0,603,3503155,fake,2674,4.940318,0.0
8221,sims 3,1012136,10,3.0,101,1012136,fake,2976,14.9667015,0.0
4809,acer,2512059,50,2.0,390,2512059,fake,1747,6.3180466,0.0
6723,inuyasha,7503686,10,3.0,65,7503686,fake,2423,0.0,0.0
6429,iPad,1945674,111,7.0,3643,1945674,fake,2345,0.0,0.0
2801,Netbook,2969477,45,6.0,957,2969477,fake,1027,0.0,0.0
7343,microwave,2684205,15,6.0,286,2684205,fake,2618,0.0,0.0
5879,external harddrive,9929098,12,2.0,140,9929098,fake,2145,4.720438,0.0
4817,acer a500,2512059,38,1.0,82,2512059,fake,1749,6.3180466,0.0
3445,Samsung,2122324,13,12.0,900,2122324,fake,1264,0.0,0.0
1422,G2x,2507542,14,1.0,22,2507542,fake,549,10.425808,0.0
6354,hp touchpad,2842056,3090,1.0,5442,2842056,fake,2317,15.687536,1.0
825,Canon 7D,9491935,13,1.0,22,9491935,fake,305,10.083332,0.0
8202,sharp 70,2931851,23,1.0,45,2931851,fake,2965,9.539688,0.0
7942,radar detector,6354401,11,4.0,179,6354401,fake,2861,15.934733,0.0
688,Bose,2683194,34,14.0,1584,2683194,fake,260,6.213887,0.0
6808,ipod,9225439,55,5.0,1403,9225439,fake,2436,3.63972,0.0
2691,Modem,2103259,18,9.0,777,2103259,fake,976,0.0,0.0
5401,car stereo,2045097,17,8.0,606,2045097,fake,1939,0.0,0.0
2142,Kanye west,3168049,10,2.0,79,3168049,fake,813,0.0,0.0
2549,MacBook air,1535123,15,11.0,858,1535123,fake,923,0.0,0.0
7642,pc games,13405362,10,1.0,85,13405362,fake,2755,5.3338246,0.0
7103,lcd tv,2127443,389,4.0,4397,2127443,fake,2529,4.6915536,0.5
8949,walking dead,3132081,11,2.0,36,3132081,fake,3226,9.147457,0.0
3315,Razer naga,2596769,12,2.0,34,2596769,fake,1223,17.117435,0.0
9160,xbox,1251336,21,4.0,328,1251336,fake,3292,3.6886988,0.0
8367,sound card,1173369,23,3.0,146,1173369,fake,3019,9.032271,0.0
4495,Web cam,2804921,15,5.0,206,2804921,fake,1647,10.014816,0.0
8020,rio,2972031,34,1.0,112,2972031,fake,2894,8.431061,0.0
4188,Touchpad,2596483,30,6.0,4612,2596483,fake,1545,8.368053,0.0
8335,sony tablet,3478046,51,1.0,136,3478046,fake,3011,13.136419,0.0
3627,Sims,9135946,17,1.0,100,9135946,fake,1340,9.47936,0.0
4342,Tv stands,8193536,15,4.0,265,8193536,fake,1587,10.250219,0.0
3817,Sony vaio,2795668,29,6.0,764,2795668,fake,1402,9.289132,0.0
1425,GPS,1089764,27,1.0,116,1089764,fake,552,7.5455747,0.0
2285,Laptop,2842569,21,25.0,2710,2842569,fake,848,0.0,0.0
7737,playstation3,8208389,10,2.0,100,8208389,fake,2797,0.0,0.0
6366,hp touchsmart,2634236,11,1.0,57,2634236,fake,2322,7.6833153,0.0
5410,car stereos,1750059,12,4.0,219,1750059,fake,1940,0.0,0.0
8572,tha carter iv,3232178,17,2.0,54,3232178,fake,3089,19.261478,0.0
6595,iPhone speakers,1114764,13,1.0,83,1114764,fake,2381,7.808343,0.0
443,Batman arkham asylum,9927337,14,1.0,30,9927337,fake,190,22.884903,0.0
3884,Speakers,7933686,10,9.0,640,7933686,fake,1422,3.850443,0.0
421,Auxiliary cord,8959834,14,1.0,28,8959834,fake,178,9.501427,0.0
3564,Samsung tv,2893174,14,4.0,299,2893174,fake,1307,5.1460795,0.0
4976,asus,2475112,46,6.0,1201,2475112,fake,1804,5.2783623,0.0
3761,Sony google,1297488,10,2.0,53,1297488,fake,1385,11.58767,0.0
6793,iphone,2643427,24,4.0,419,2643427,fake,2433,4.360031,0.0
8970,watch the throne,3168067,342,1.0,479,3168067,fake,3235,14.110103,0.75
8724,transformers,3247036,58,4.0,1156,3247036,fake,3144,6.8836985,0.0
743,Brantley gilbert,9795756,25,1.0,76,9795756,fake,278,0.0,0.0
2072,Ipod classic,8771929,25,1.0,46,8771929,fake,771,8.051006,0.0
7993,remote control,8631411,19,1.0,129,8631411,fake,2881,6.5944643,0.0
8644,tivo,9999163500050001,26,3.0,333,9999163500050001,fake,3122,8.860173,0.0
8091,samsung galaxy,2817743,55,3.0,545,2817743,fake,2916,11.77169,0.0
1067,Dell,3048064,13,13.0,728,3048064,fake,405,0.0,0.0
4360,Tyler the creator,2538649,10,2.0,45,2538649,fake,1595,0.0,0.0
8641,tivo,9744971,184,1.0,333,9744971,fake,3122,8.285488,0.75
3775,Sony laptop,2794165,35,3.0,543,2794165,fake,1390,5.589755,0.0
7805,priest,2958092,31,1.0,69,2958092,fake,2820,7.4430046,0.0
5569,dell,3104158,12,7.0,456,3104158,fake,2011,0.0,0.0
8582,the game,6968258,10,3.0,131,6968258,fake,3095,0.0,0.0
6310,hp laptop,3184708,18,7.0,487,3184708,fake,2302,6.9855747,0.0
5834,esata,9680907,18,2.0,89,9680907,fake,2130,8.0285015,0.0
7075,laptops,2845071,119,4.0,2063,2845071,fake,2526,0.0,0.0
1108,Desk,1224254,10,1.0,69,1224254,fake,416,7.125865,0.0
1160,Dishwasher,8928574,15,2.0,142,8928574,fake,444,5.276781,0.0
4898,antenna,8850601,21,6.0,450,8850601,fake,1779,10.343994,0.0
5622,digital cameras,9469746,11,2.0,189,9469746,fake,2033,7.8901067,0.0
5362,car alarms,2224084,13,2.0,132,2224084,fake,1931,0.0,0.0
5925,flatout,2717592,15,1.0,58,2717592,fake,2165,0.0,0.0
6665,iconia,2971069,16,3.0,169,2971069,fake,2409,8.995881,0.0
1393,Flip video,1159311,52,1.0,114,1159311,fake,535,10.039928,0.0
7966,receiver,2052194,61,1.0,323,2052194,fake,2870,5.7846127,0.0
6903,kelly rowland,2953158,13,1.0,29,2953158,fake,2480,0.0,0.0
7489,netgear router,1208844,11,1.0,36,1208844,fake,2679,11.695322,0.0
4074,The lion king,2863669,21,3.0,296,2863669,fake,1496,11.367494,0.0
8480,sucker punch,2775386,18,1.0,31,2775386,fake,3062,15.697415,0.0
5599,deus ex,1251062,35,2.0,133,1251062,fake,2026,17.15525,0.0
6502,iPad keyboard,9635348,30,1.0,152,9635348,fake,2357,7.4268136,0.0
7775,portable speakers,8586586,10,3.0,169,8586586,fake,2809,4.128271,0.0
8670,toshiba,3167208,18,3.0,486,3167208,fake,3128,0.0,0.0
3182,Printers,1740283,10,10.0,509,1740283,fake,1187,4.4035463,0.0
9021,wifi,9826287,13,1.0,139,9826287,fake,3251,0.0,0.0
2545,MacBook,9944942,30,11.0,1504,9944942,fake,921,3.8105717,0.0
5454,chocolatier,9827356,22,1.0,51,9827356,fake,1964,15.429823,0.0
5218,boost mobile,1414591,19,3.0,273,1414591,fake,1879,13.548656,0.0
1534,God of war,9201106,32,3.0,212,9201106,fake,596,10.261848,0.0
4416,Video camera,1159311,16,2.0,127,1159311,fake,1619,4.241584,0.0
5222,boost mobile,2602042,18,4.0,273,2602042,fake,1879,13.548656,0.0
3921,Star wars blu ray,3201566,81,2.0,545,3201566,fake,1436,15.311609,0.5
7169,linksys router,9770315,14,3.0,82,9770315,fake,2553,15.365221,0.0
5039,batman,9927337,17,2.0,153,9927337,fake,1828,6.4512033,0.0
2573,MacBooks,9755322,19,1.0,38,9755322,fake,931,4.1104107,0.0
2033,Ipad 2,1945595,47,2.0,633,1945595,fake,763,7.5667505,0.0
687,Bose,2197034,31,16.0,1584,2197034,fake,260,8.715969,0.0
2526,Mac laptops,9755395,10,3.0,121,9755395,fake,917,0.0,0.0
1131,Dexter season 5,2945043,27,2.0,101,2945043,fake,425,9.557518,0.0
5445,cell phones,9372332,18,1.0,314,9372332,fake,1958,9.363954,0.0
199,Acer laptop,2842569,16,2.0,143,2842569,fake,93,7.7941666,0.0
5781,dvr,3199409,15,5.0,387,3199409,fake,2104,0.0,0.0
330,Apple headphone,9084206,13,1.0,27,9084206,fake,143,6.10788,0.0
697,Bose,7996403,57,8.0,1584,7996403,fake,260,6.213887,0.0
6132,guitar hero,1094323,16,1.0,133,1094323,fake,2246,9.3772545,0.0
6247,headphones,9836718,39,3.0,1131,9836718,fake,2278,0.0,0.0
4444,Vizio,3354548,14,1.0,147,3354548,fake,1628,0.0,0.0
858,Capture card,9714459,28,2.0,120,9714459,fake,323,7.3111324,0.0
4196,Touchpad,2947041,79,4.0,4612,2947041,fake,1545,11.063634,0.0
3093,Playstation 3 console,3061366,39,2.0,324,3061366,fake,1158,10.507841,0.0
1938,Ico,1972853,253,1.0,291,1972853,fake,741,12.294661,0.75
35,2622037 2127204 2127213 2121716 2138291,2127504,36,7.0,3248,2127504,fake,15,0.0,0.0
7663,photo printer,1525426,51,1.0,83,1525426,fake,2771,12.550088,0.0
7844,projector,2126047,11,11.0,742,2126047,fake,2829,0.0,0.0
7328,microsoft access,9829062,14,1.0,65,9829062,fake,2612,0.0,0.0
1744,Headphones,9825242,17,18.0,1651,9825242,fake,666,5.613039,0.0
1788,How I met your mother,8103955,22,3.0,187,8103955,fake,681,20.890965,0.0
8494,surge protectors,9902504,10,2.0,93,9902504,fake,3066,13.904625,0.0
2435,Lion king,2863978,193,2.0,904,2863978,fake,891,13.198385,0.75
632,Bluetooth,8781348,10,15.0,783,8781348,fake,243,0.0,0.0
4472,Washer,9739898,16,2.0,179,9739898,fake,1634,5.2238827,0.0
7625,palm pilot,1005621,16,1.0,69,1005621,fake,2747,6.478097,0.0
4672,Xbox,9911772,11,10.0,502,9911772,fake,1703,0.0,0.0
1432,Galaxy s,2025119,16,1.0,46,2025119,fake,555,9.325929,0.0
3300,Radio,1149887,16,1.0,183,1149887,fake,1218,5.196283,0.0
2913,Nook,1445624,11,4.0,771,1445624,fake,1081,0.0,0.0
3253,Ps3 headset,2389759,31,2.0,267,2389759,fake,1198,6.4356146,0.0
12,1219686,1219686,15,1.0,21,1219686,fake,10,0.0,0.0
4337,Tv stand,9346264,58,1.0,388,9346264,fake,1586,12.783728,0.0
8356,sound bar,1800142,25,4.0,326,1800142,fake,3017,0.0,0.0
2408,Lg thrill,2856456,67,1.0,89,2856456,fake,879,12.319807,0.5
925,Casio,2134046,22,1.0,82,2134046,fake,339,7.205303,0.0
6001,game,9616458,11,1.0,20,9616458,fake,2198,0.0,0.0
7345,microwave,9337826,17,5.0,286,9337826,fake,2618,5.7473574,0.0
9177,xbox 360,9999150900050000,16,10.0,670,9999150900050000,fake,3293,0.0,0.0
7303,micro hdmi,1109608,12,3.0,80,1109608,fake,2604,12.437712,0.0
9015,westinghouse,2343157,13,3.0,152,2343157,fake,3247,8.011838,0.0
8904,video cards,2193408,10,1.0,99,2193408,fake,3214,0.0,0.0
6359,hp touchpad,2947041,122,3.0,5442,2947041,fake,2317,16.950882,0.0
1236,Dsl modem,9856748,28,1.0,205,9856748,fake,469,14.859528,0.0
1249,Dvr,3199409,16,6.0,407,3199409,fake,476,0.0,0.0
7488,netgear n600,1208844,11,1.0,20,1208844,fake,2678,6.0124693,0.0
194,Acer aspire,2845071,12,1.0,38,2845071,fake,91,9.195532,0.0
3320,Receiver,2023402,47,2.0,441,2023402,fake,1226,4.8423634,0.0
3172,Printer,9695505,15,10.0,602,9695505,fake,1186,0.0,0.0
5263,braun,8037929,10,2.0,73,8037929,fake,1890,0.0,0.0
3713,Sons of anarchy,1068407,10,6.0,489,1068407,fake,1369,9.08855,0.0
636,Bluetooth,9274778,10,15.0,783,9274778,fake,243,0.0,0.0
9063,windows 7,2603254,20,5.0,317,2603254,fake,3265,9.449388,0.0
6289,hp,2738329,12,8.0,821,2738329,fake,2297,3.261057,0.0
5006,asus laptop,2906406,26,1.0,197,2906406,fake,1811,6.6124287,0.0
1105,Denon,2127091,47,1.0,194,2127091,fake,415,5.8640375,0.0
4730,Xbox console,1162439,26,4.0,294,1162439,fake,1716,13.560961,0.0
6646,iPod touch case,1207511,13,2.0,163,1207511,fake,2401,10.352491,0.0
4084,The office season 7,3060066,20,2.0,85,3060066,fake,1499,6.9645667,0.0
4456,Wacom,9468961,22,3.0,203,9468961,fake,1630,10.374236,0.0
405,Asus laptop,2906406,18,4.0,205,2906406,fake,168,6.6124287,0.0
1308,Ethernet cable,9695648,18,1.0,146,9695648,fake,500,5.3226166,0.0
7366,mini hdmi,8735595,21,2.0,101,8735595,fake,2626,17.574821,0.0